Screen Name;Text
ali73724440;RT @SenTedCruz: .@realDonaldTrump broke the Mainstream Media. The American people will determine the results of the election. #Election2020‚Ä¶
_wunderwood_;RT @Reuters: Election security officials have no evidence that ballots were deleted or lost by voting systems in this month‚Äôs #Election2020‚Ä¶
LZsandVl;RT @MooreForGeorgia: Now that it's official
AmericaOnePod;When Cobb county refused to let our appointed monitors in....
westernwalking;RT @SenTedCruz: .@realDonaldTrump broke the Mainstream Media. The American people will determine the results of the election. #Election2020‚Ä¶
meganismrsspaz;RT @IAmSophiaNelson: Cannot wait for you to tune into @AmericaOnePod #SaturdayThoughts segment. My special guest is @RVAT2020 founder @Sara‚Ä¶
Moviewatcher21;RT @michaeljburry: 4) There is no good reason do delete/erase/discard ballots or ballot scans before the electors meet and vote the 2nd Wed‚Ä¶
LinSooMoon;RT @MagaMarchDC: 1 DAY UNTIL THE BIGGEST TRUMP RALLY IN HISTORY
ROB_ENGLAND_;RT @JoeTalkShow: Does anyone have a valid argument against this?  We've learned our lesson as a country.  #MailInBallots #Election2020 http‚Ä¶
Micropan44;"RT @SenTedCruz: The Mainstream Media‚Äôs demands that Trump concede &amp; ignore the legal process is utterly inconsistent with the Constitution.‚Ä¶"
thpuzzler2;RT @jayoung1892: @JoeBiden wins #Georgia The first Democrst to do so since @BillClinton in 1996! He is also the first Democrat to win #Ariz‚Ä¶
Hugo02208621;RT @SenTedCruz: .@realDonaldTrump broke the Mainstream Media. The American people will determine the results of the election. #Election2020‚Ä¶
beckner_susan;RT @SenTedCruz: .@realDonaldTrump broke the Mainstream Media. The American people will determine the results of the election. #Election2020‚Ä¶
DebbieScarboro6;RT @SenTedCruz: .@realDonaldTrump broke the Mainstream Media. The American people will determine the results of the election. #Election2020‚Ä¶
jayoung1892;RT @trish_regan: Breaking: 
IAmSophiaNelson;BREAKING: Biden STILL UP bitch.
susan_ehsani;President Trump says he refuses to have another lockdown as coronavirus cases surge across the country
RLeePip;In our first post-#election2020 resource
AfD_waehlen;"RT @SenTedCruz: The Mainstream Media‚Äôs demands that Trump concede &amp; ignore the legal process is utterly inconsistent with the Constitution.‚Ä¶"
imondex;RT @PopVoteProject: Trump thought he'd win Georgia. Whoops. 
mflew2;RT @MooreForGeorgia: Now that it's official
Johnny79583166;RT @SenTedCruz: .@realDonaldTrump broke the Mainstream Media. The American people will determine the results of the election. #Election2020‚Ä¶
Lizzie59293400;"RT @SenTedCruz: The Mainstream Media‚Äôs demands that Trump concede &amp; ignore the legal process is utterly inconsistent with the Constitution.‚Ä¶"
dddoc_blogger;If the presstitutes are so confident that there is no evidence to back the legal challenges
christopherpvlk;Congratulations to the Democratic Party
kmb_is;RT @jayoung1892: @JoeBiden wins #Georgia The first Democrst to do so since @BillClinton in 1996! He is also the first Democrat to win #Ariz‚Ä¶
lillianjaneneal;RT @Michael03272961: #ICYMI: Top Election Chief of #Milwaukee
bigblackdogs;RT @ipsosus: With Joe #Biden the clear winner of the 2020 presidential election
PhilippeMange;RT @RutherfordRocks: Trump's electoral college count was 306 in 2016.
robend48;Cannot wait for you to tune into @AmericaOnePod #SaturdayThoughts segment. My special guest is @RVAT2020 founder‚Ä¶ https://t.co/wKDhtxQd0o
mimisooner;RT @MagaMarchDC: 1 DAY UNTIL THE BIGGEST TRUMP RALLY IN HISTORY
JuStJeNn45;Ben Hovland
lucieboots;RT @SenTedCruz: .@realDonaldTrump broke the Mainstream Media. The American people will determine the results of the election. #Election2020‚Ä¶
HHomeandHearth;RT @SenTedCruz: .@realDonaldTrump broke the Mainstream Media. The American people will determine the results of the election. #Election2020‚Ä¶
byronwhite13;RT @SenTedCruz: .@realDonaldTrump broke the Mainstream Media. The American people will determine the results of the election. #Election2020‚Ä¶
jeremylasanta;RT @trish_regan: Breaking: 
L85A1SG550;RT @donnasfineart: #FridayVibes 
ClassicTBs;@ianarthurmedia @whiskeywolfe3 @VonZad @politico And that‚Äôs exactly the tactics we would expect from a loser. Denyi‚Ä¶ https://t.co/ePkSoIKkjv
rllygoodenergy;RT @RebelNewsOnline: All new for the holiday season
lexeighn;RT @SenTedCruz: .@realDonaldTrump broke the Mainstream Media. The American people will determine the results of the election. #Election2020‚Ä¶
pedrebano;RT @SenTedCruz: .@realDonaldTrump broke the Mainstream Media. The American people will determine the results of the election. #Election2020‚Ä¶
leileiuwu1;RT @SenTedCruz: .@realDonaldTrump broke the Mainstream Media. The American people will determine the results of the election. #Election2020‚Ä¶
maryloupatey;RT @SenTedCruz: .@realDonaldTrump broke the Mainstream Media. The American people will determine the results of the election. #Election2020‚Ä¶
olegGD;RT @SenTedCruz: This election will be decided when every legally cast ballot is counted. #Election2020 https://t.co/rsiWfgaROE
uhwhat2020;RT @NetworksManager: Lt. General Thomas McInerney speaks of Hammer
socalscootergal;FOLLOW THE MONEY! #Election2020
TerryMa47687742;RT @trish_regan: Breaking: 
PornStarFever;RT @repentlithuania: Something small(suffering) happens to you
fatwoman007;RT @AP_Politics: BREAKING: Donald Trump wins North Carolina. #APracecall at 3:48 p.m. EST. #Election2020 https://t.co/lGfinjTqT4
incommunicardo;RT @SenTedCruz: .@realDonaldTrump broke the Mainstream Media. The American people will determine the results of the election. #Election2020‚Ä¶
exokingkai;RT @BryanRAnderson: #BREAKING: President Donald Trump wins North Carolina
lindyqb5;@SenTedCruz @realDonaldTrump The #AmericanPeople have ALREADY determined the results of #Election2020  Eddie. Isn't‚Ä¶ https://t.co/12NmUWqRT9
PepeNewsNow;RT @Sentinel2NO: The total #RippleEffect #Election2020 #StopTheSteaI #GlobalUprise #YouHaveBeenPlayed
AKW597;306 ! Finish Him ! #Trump  #Election2020results #Election2020 #TrumpvsBiden #TrumpOut https://t.co/mcT0jt3ixa
LgLgLggg;RT @AP_Politics: BREAKING: Donald Trump wins North Carolina. #APracecall at 3:48 p.m. EST. #Election2020 https://t.co/lGfinjTqT4
JesusIsKing4Me;This is a joke unless they‚Äôre able to audit the votes while doing the recount with a representative from each party‚Ä¶ https://t.co/Y0jsjA844S
Old78795631;RT @kim: #Election2020 described as if it were a horse race
MinusTheLife;Great Scott!!!!!!! I Didn‚Äôt Know Nancy Owned A Delorean!!! üîÆ #Election2020 https://t.co/VTWSpiJWUo
happyumisan;RT @NickBryantNY: Every state has now been called - a clear-cut Electoral College win for President-elect Joe Biden. 306-232. Biden got he‚Ä¶
BonnieHasty;RT @RebelNewsOnline: All new for the holiday season
guitarbazz;A Christian Response to the Election Results https://t.co/nlRKL8M5mE via @hhomeandhearth #electionresults‚Ä¶ https://t.co/K49vBKtg9c
1965_whitegirl;RT @AP_Politics: BREAKING: Donald Trump wins North Carolina. #APracecall at 3:48 p.m. EST. #Election2020 https://t.co/lGfinjTqT4
karenakahn;RT @AnthonyLanfrank: Wide spread reports of this guy stealing Trump votes in PA #Election2020 #Trump #electionfraud https://t.co/DpUPhtzX4k
its_me_joshuaG;RT @AP_Politics: BREAKING: Donald Trump wins North Carolina. #APracecall at 3:48 p.m. EST. #Election2020 https://t.co/lGfinjTqT4
MockTheRightv4;RT @Michael03272961: #ICYMI: Top Election Chief of #Milwaukee
wetheno17415439;RT @davidisuglly: Who will make America betterüá∫üá≤??
America_45_2020;RT @SenTedCruz: .@realDonaldTrump broke the Mainstream Media. The American people will determine the results of the election. #Election2020‚Ä¶
jocve;Remember
cbinflux;RT @AP_Politics: BREAKING: Donald Trump wins North Carolina. #APracecall at 3:48 p.m. EST. #Election2020 https://t.co/lGfinjTqT4
Moonie3474;@SenTedCruz You mean concede an obvious loss like every President before him. Of course
LateMo_on;RT @TroyBramston: [new column] Joe Biden‚Äôs election win looks more impressive by the day while Donald Trump‚Äôs refusal to accept defeat and‚Ä¶
BeNonHuman;RT @SenTedCruz: The American people expect accurate election results. We need to follow the law and allow the legal process to play out. #E‚Ä¶
MazbeauBeau22;RT @kazamatsuri: Watching the election result in Japan is at least somewhat more entertaining. I definitely laughed at the second screen. #‚Ä¶
PCtoListento;RT @shomaristone: No
LJCH97929168;RT @BBCWorld: Ten days after #Election2020
islesnd;RT @AP_Politics: BREAKING: Donald Trump wins North Carolina. #APracecall at 3:48 p.m. EST. #Election2020 https://t.co/lGfinjTqT4
Raja1asi;RT @Reuters: Election security officials have no evidence that ballots were deleted or lost by voting systems in this month‚Äôs #Election2020‚Ä¶
JoAnn99167659;RT @warriors_mom: Dominion Voting Systems Retains Obama 'Vote Protection Director' As Lobbyist
elavoie;RT @SenTedCruz: .@realDonaldTrump broke the Mainstream Media. The American people will determine the results of the election. #Election2020‚Ä¶
islesnd;RT @BryanRAnderson: #BREAKING: President Donald Trump wins North Carolina
ashleyefitzger1;RT @deAdder: I drew this thinking of Georgia and Arizona. #Election2020 #TrumpIsLosing #TrumpMeltdown https://t.co/5zBKjyDHwk
safrazie;RT @warriors_mom: Justice probes Trump campaign claims of vote irregularities
islesnd;RT @SenTedCruz: .@realDonaldTrump broke the Mainstream Media. The American people will determine the results of the election. #Election2020‚Ä¶
BenstksC;RT @BBCWorld: Ten days after #Election2020
GE0RGE_I;When will you admit? #donaldtrump #lost #loser #election2020 #whitehouse #joebiden #biden #january20th‚Ä¶ https://t.co/qLylSjVxdq
Kenneth_Bartlet;RT @SenTedCruz: .@realDonaldTrump broke the Mainstream Media. The American people will determine the results of the election. #Election2020‚Ä¶
hautesavings;RT @SenTedCruz: .@realDonaldTrump broke the Mainstream Media. The American people will determine the results of the election. #Election2020‚Ä¶
salsapockbill24;RT @Reuters: Election security officials have no evidence that ballots were deleted or lost by voting systems in this month‚Äôs #Election2020‚Ä¶
jiz1ep;RT @therealADWarren: BTW.... the US media called Al Gore President elect for all 39 days in 2000 and he picked his cabinet and CoS just lik‚Ä¶
1Corinthians126;RT @RutherfordRocks: Trump's electoral college count was 306 in 2016.
petercsou;RT @MattGaspers: Godspeed
MrsKrichel;RT @PopVoteProject: Trump thought he'd win Georgia. Whoops. 
1Corinthians126;RT @AP_Politics: BREAKING: Donald Trump wins North Carolina. #APracecall at 3:48 p.m. EST. #Election2020 https://t.co/lGfinjTqT4
Kenneth_Bartlet;RT @PopVoteProject: Trump thought he'd win Georgia. Whoops. 
meganismrsspaz;RT @SenTedCruz: .@realDonaldTrump broke the Mainstream Media. The American people will determine the results of the election. #Election2020‚Ä¶
mandywarhol;RT @warriors_mom: Dominion Voting Systems Retains Obama 'Vote Protection Director' As Lobbyist
LotsoforHK;RT @therealADWarren: Where it truly stands right now. 
AToulmonde;We're NOT going to Disney World
abc4utah;RT @AP_Politics: BREAKING: Donald Trump wins North Carolina. #APracecall at 3:48 p.m. EST. #Election2020 https://t.co/lGfinjTqT4
HooMacon;RT @PopVoteProject: Trump thought he'd win Georgia. Whoops. 
valwayne;RT @SenTedCruz: .@realDonaldTrump broke the Mainstream Media. The American people will determine the results of the election. #Election2020‚Ä¶
Kings58583491;RT @SenTedCruz: .@realDonaldTrump broke the Mainstream Media. The American people will determine the results of the election. #Election2020‚Ä¶
Dry_Observer;RT @BBCWorld: Donald Trump makes reference to #Election2020 result while speaking publicly for first time since Joe Biden's projected win‚Ä¶
MagnoliaPrince5;RT @warriors_mom: Dominion Voting Systems Retains Obama 'Vote Protection Director' As Lobbyist
ArlynHaaland;RT @SenTedCruz: .@realDonaldTrump broke the Mainstream Media. The American people will determine the results of the election. #Election2020‚Ä¶
kersey_maureen;"#NEW: @EACgov chair &amp; #Trump-appointee to ask Congress to fund a ""one stop shop"
1776Libertarian;RT @SenTedCruz: .@realDonaldTrump broke the Mainstream Media. The American people will determine the results of the election. #Election2020‚Ä¶
CryptoViewing;RT @SenTedCruz: .@realDonaldTrump broke the Mainstream Media. The American people will determine the results of the election. #Election2020‚Ä¶
BenWinslow;RT @SenTedCruz: This election will be decided when every legally cast ballot is counted. #Election2020 https://t.co/rsiWfgaROE
CertifiedPK;#Georgia take note #Election2020 https://t.co/ZroR54D670
HamlettCaleb73;RT @HamlettCaleb73: Check out this new episode of ‚ÄúThe Podcast to Listen to‚Äù on YouTube or check us out on the Audio version on Apple Podca‚Ä¶
TankesmedjanX7;@JoeBiden received 306 electoral votes over @realDonaldTrump 
dan_martn;#Trump #Trump2020 #TrumpTroopers #TrumpTrain #ElectionLoser #Election2020 #MockTheRight #ResistingHate #ANTIFA- Fac‚Ä¶ https://t.co/2YmmcRnB2M
GOP_USA5;RT @SenTedCruz: The American people expect accurate election results. We need to follow the law and allow the legal process to play out. #E‚Ä¶
DavidGe11188955;"RT @SenTedCruz: The Mainstream Media‚Äôs demands that Trump concede &amp; ignore the legal process is utterly inconsistent with the Constitution.‚Ä¶"
FairGoM8;RT @PCtoListento: New episode! Click the link in our bio for more. Like
margie14322442;RT @BBCWorld: Donald Trump makes reference to #Election2020 result while speaking publicly for first time since Joe Biden's projected win‚Ä¶
snidekick;RT @SenTedCruz: .@realDonaldTrump broke the Mainstream Media. The American people will determine the results of the election. #Election2020‚Ä¶
CesarMarty85;RT @BobCoogan: Every state has been called in the 2020 presidential election... 
akuzitan1;RT @djchrisallen: Sock puppets are more well-spoken than the current administration. Says a lot. üòÇ #Election2020 #ChooseDemocracy
LukeDyer1997;RT @PSYCHICTWINS: CNN calls Arizona for Biden. #2020Predictions #election2020 https://t.co/hO88dXCmdV
ChronoLuminaire;RT @SenTedCruz: .@realDonaldTrump broke the Mainstream Media. The American people will determine the results of the election. #Election2020‚Ä¶
annhit2020;RT @SenTedCruz: .@realDonaldTrump broke the Mainstream Media. The American people will determine the results of the election. #Election2020‚Ä¶
therealpattip20;RT @HamlettCaleb73: Check out this new episode of ‚ÄúThe Podcast to Listen to‚Äù on YouTube or check us out on the Audio version on Apple Podca‚Ä¶
joshual1980;RT @BBCWorld: Ten days after #Election2020
madrynha2012;RT @SenTedCruz: .@realDonaldTrump broke the Mainstream Media. The American people will determine the results of the election. #Election2020‚Ä¶
cilledwithakiss;RT @SenTedCruz: This election will be decided when every legally cast ballot is counted. #Election2020 https://t.co/rsiWfgaROE
Nettoss;RT @ACLEDINFO: At least 75 demonstration events associated with the #StopTheSteaI movement ‚Äî which promotes unfounded allegations of mass v‚Ä¶
EllisMiellis;RT @SenTedCruz: .@realDonaldTrump broke the Mainstream Media. The American people will determine the results of the election. #Election2020‚Ä¶
ayawill;RT @SenTedCruz: .@realDonaldTrump broke the Mainstream Media. The American people will determine the results of the election. #Election2020‚Ä¶
cricket_truth;"RT @SenTedCruz: The Mainstream Media‚Äôs demands that Trump concede &amp; ignore the legal process is utterly inconsistent with the Constitution.‚Ä¶"
OblanderGroup;"RT @SenTedCruz: The Mainstream Media‚Äôs demands that Trump concede &amp; ignore the legal process is utterly inconsistent with the Constitution.‚Ä¶"
Vickey72196268;RT @alexcoheninla: A lot happened during #election2020 that has huge impacts for SoCal. Thrilled to break it down with ‚Å¶@thelapod‚Å© hosts ‚Å¶@‚Ä¶
SystemsXotic;RT @BBCWorld: Ten days after #Election2020
Trumper60869477;RT @SenTedCruz: .@realDonaldTrump broke the Mainstream Media. The American people will determine the results of the election. #Election2020‚Ä¶
Ameg24;RT @SenTedCruz: .@realDonaldTrump broke the Mainstream Media. The American people will determine the results of the election. #Election2020‚Ä¶
BotShmot;RT @SenTedCruz: .@realDonaldTrump broke the Mainstream Media. The American people will determine the results of the election. #Election2020‚Ä¶
KingdomRising1;"RT @SenTedCruz: The Mainstream Media‚Äôs demands that Trump concede &amp; ignore the legal process is utterly inconsistent with the Constitution.‚Ä¶"
ReneaBae90;"RT @SenTedCruz: The Mainstream Media‚Äôs demands that Trump concede &amp; ignore the legal process is utterly inconsistent with the Constitution.‚Ä¶"
ChowaPt;Why is Rep Gohmer talking this?
Karan52605911;RT @Rizzuti09: Mood all day long. WE DID IT. WE BEAT A SITTING PRESIDENT. OMG  #306 #Election2020 #ElectionResults2020 #JoeBiden #46 #Presi‚Ä¶
EibbedNosredna;RT @SenTedCruz: .@realDonaldTrump broke the Mainstream Media. The American people will determine the results of the election. #Election2020‚Ä¶
_leebret;RT @BBCWorld: Ten days after #Election2020
yojanuary;RT @SenTedCruz: .@realDonaldTrump broke the Mainstream Media. The American people will determine the results of the election. #Election2020‚Ä¶
dlgalvezdcm;@JvittalTV For some unknown reason
44ICE;RT @SenTedCruz: This election will be decided when every legally cast ballot is counted. #Election2020 https://t.co/rsiWfgaROE
11SBiase;"@realDonaldTrump You're the biggest loser cry baby of all the Presidents. 

#Election2020 
#Election2020results,FALSE,0,NA,2020-11-14 00:25:26,FALSE,NA,1327407256401555457"""
JJBurnam;RT @AP_Politics: BREAKING: Donald Trump wins North Carolina. #APracecall at 3:48 p.m. EST. #Election2020 https://t.co/lGfinjTqT4
BigDonTee;RT @BeingLGBTQPod: This is a thing of beauty üëá
paularadell;"RT @SenTedCruz: The Mainstream Media‚Äôs demands that Trump concede &amp; ignore the legal process is utterly inconsistent with the Constitution.‚Ä¶"
DianeRaine1;RT @SenTedCruz: .@realDonaldTrump broke the Mainstream Media. The American people will determine the results of the election. #Election2020‚Ä¶
risenranger;"RT @SenTedCruz: The Mainstream Media‚Äôs demands that Trump concede &amp; ignore the legal process is utterly inconsistent with the Constitution.‚Ä¶"
NanHayworth;RT @BSpodNetwork: 251 isn't just a number
PunkiBrenda;251 isn't just a number
tonetafoya;RT @djchrisallen: Sock puppets are more well-spoken than the current administration. Says a lot. üòÇ #Election2020 #ChooseDemocracy
scottfeee1776;RT @SenTedCruz: .@realDonaldTrump broke the Mainstream Media. The American people will determine the results of the election. #Election2020‚Ä¶
solidreturns;"RT @SenTedCruz: The Mainstream Media‚Äôs demands that Trump concede &amp; ignore the legal process is utterly inconsistent with the Constitution.‚Ä¶"
SunnyG07947561;RT @GlenMillsABC4: Update- Following today‚Äôs release from Salt Lake County @BurgessOwens builds on his lead over @RepBenMcAdams in the race‚Ä¶
gavinlmiller1;RT @SenTedCruz: .@realDonaldTrump broke the Mainstream Media. The American people will determine the results of the election. #Election2020‚Ä¶
Rosenchild;RT @GettyImagesNews: As media announced #JoeBiden would be the president elect
2003815u_kazu;"RT @SenTedCruz: The Mainstream Media‚Äôs demands that Trump concede &amp; ignore the legal process is utterly inconsistent with the Constitution.‚Ä¶"
Rosenchild;RT @OurRevolution: Congratulations to @Eric4LakeCounty for being elected as Lake County
JamesOinkygc;RT @SenTedCruz: .@realDonaldTrump broke the Mainstream Media. The American people will determine the results of the election. #Election2020‚Ä¶
_Presdent_Elect;RT @BBCJonSopel: If you like symmetry
overmanwarrior;Arizona keep finding those votes - great work by 
GlenMillsABC4;RT @singularityblog: Federal #cybersecurity agency calls election 'most secure in American history': Despite baseless claims spread by the‚Ä¶
RobHalkides;RT @trish_regan: Breaking: 
valwayne;RT @BillHagertyTN: We will not give up on the integrity of the #Election2020. We must continue to ensure that every legally cast vote is co‚Ä¶
Vickey72196268;#Election2020 
HolsonbackRobin;GEORGIA IS CHANGING.
indisbelief2020;RT @MrErnestOwens: TO BE VERY CLEAR: While we can all tease Trump about the ghost of John McCain hunting his loss in Arizona -- let's also‚Ä¶
MeedgeKnowsBest;"RT @SenTedCruz: The Mainstream Media‚Äôs demands that Trump concede &amp; ignore the legal process is utterly inconsistent with the Constitution.‚Ä¶"
PatriciaSerdahl;"RT @SenTedCruz: The Mainstream Media‚Äôs demands that Trump concede &amp; ignore the legal process is utterly inconsistent with the Constitution.‚Ä¶"
eigenbros;"RT @SenTedCruz: The Mainstream Media‚Äôs demands that Trump concede &amp; ignore the legal process is utterly inconsistent with the Constitution.‚Ä¶"
mariadacunha18;üö£‚Äç‚ôÄÔ∏è To The Life Boats - An Atomic Bomb was Just Dropped on This Election https://t.co/756de2ZM3w via @YouTube‚Ä¶ https://t.co/DVKCScq5r3
RemmingtonSig;RT @trish_regan: Breaking: 
alex_west1994;RT @Ike_Saul: Alright
GigiCar45632112;JUST IN: @VoteSLCo posted more ballots. @BurgessOwens continues his lead over @BenMcAdams in #UT4. @fox13 #utpol‚Ä¶ https://t.co/zIxYeGL8yM
Sambandet;RT @DrJasonJohnson: When you win
ThisWooly;RT @SenTedCruz: .@realDonaldTrump broke the Mainstream Media. The American people will determine the results of the election. #Election2020‚Ä¶
ervster1;Check out this new episode of ‚ÄúThe Podcast to Listen to‚Äù on YouTube or check us out on the Audio version on Apple P‚Ä¶ https://t.co/JSPTEbEmDK
albertobmas;RT @SenTedCruz: This election will be decided when every legally cast ballot is counted. #Election2020 https://t.co/rsiWfgaROE
Idaho_Hopeful;RT @BryanRAnderson: #BREAKING: President Donald Trump wins North Carolina
walkerglewis;RT @RightWingWatch: Life comes at you hard. By @zidansports #Election2020 https://t.co/IXqE6dgj7Y
warriors_mom;"RT @SenTedCruz: The Mainstream Media‚Äôs demands that Trump concede &amp; ignore the legal process is utterly inconsistent with the Constitution.‚Ä¶"
zest674;RT @SenTedCruz: This election will be decided when every legally cast ballot is counted. #Election2020 https://t.co/rsiWfgaROE
Rose_Wilbur;RT @donnasfineart: #FridayVibes 
dlh0404;Feel the strength of us women behind you. We support you.#Election2020 | Nov 13
Diego24x;LOUISIANA | Your runoff election is December 5
AnfernyHardawa1;The media can offer balloting stats as they are counted
spenumatsa;RT @mcwattsup: I was watching this scene tonight and I just... I couldn't resist #Election2020 https://t.co/LGtxhQSbYl
jamiearrington;RT @SenTedCruz: .@realDonaldTrump broke the Mainstream Media. The American people will determine the results of the election. #Election2020‚Ä¶
Kishidancho2;RT @Michael03272961: #ICYMI: Top Election Chief of #Milwaukee
hayesdavenport;RT @deAdder: I drew this thinking of Georgia and Arizona. #Election2020 #TrumpIsLosing #TrumpMeltdown https://t.co/5zBKjyDHwk
foxtrotfenris;RT @SenTedCruz: .@realDonaldTrump broke the Mainstream Media. The American people will determine the results of the election. #Election2020‚Ä¶
Kishidancho2;RT @AP_Politics: BREAKING: Donald Trump wins North Carolina. #APracecall at 3:48 p.m. EST. #Election2020 https://t.co/lGfinjTqT4
PredsNC12;RT @AP_Politics: BREAKING: Joe Biden wins Arizona. #APracecall at 12:51 a.m. MST. #Election2020 https://t.co/lGfinjTqT4
pulliamore;RT @SenTedCruz: .@realDonaldTrump broke the Mainstream Media. The American people will determine the results of the election. #Election2020‚Ä¶
CovidKhan;RT @SenTedCruz: .@realDonaldTrump broke the Mainstream Media. The American people will determine the results of the election. #Election2020‚Ä¶
JoeLuca26181135;RT @AP_Politics: BREAKING: Donald Trump wins North Carolina. #APracecall at 3:48 p.m. EST. #Election2020 https://t.co/lGfinjTqT4
BobDMob;RT @Al_Drago: Attorney General Bill Barr arrives for an unannounced meeting with Senate Majority Leader Mitch McConnell on Monday afternoon‚Ä¶
redevilone;RT @BryanRAnderson: #BREAKING: President Donald Trump wins North Carolina
Kishidancho2;RT @SenTedCruz: .@realDonaldTrump broke the Mainstream Media. The American people will determine the results of the election. #Election2020‚Ä¶
BerthelsenArlen;RT @SenTedCruz: .@realDonaldTrump broke the Mainstream Media. The American people will determine the results of the election. #Election2020‚Ä¶
bryanhauer;RT @SenTedCruz: .@realDonaldTrump broke the Mainstream Media. The American people will determine the results of the election. #Election2020‚Ä¶
PrincessBibiRF_;@realDonaldTrump The #MAGA meltdown is delicious. #Election2020 https://t.co/C53vgRdOg5
RichShepard3;It‚Äôs almost 6:30 pm and not one person has wished me a Happy Birthday today.  #Kony2012 #Election2020 #WhatColorIsTheDress #FYP
lmirone777;@Bailey1050 @MacCutchins @LouDobbs @RudyGiuliani @jsolomonReports @RepAndyBiggsAZ @JennaEllisEsq This is YOUR prez.‚Ä¶ https://t.co/GmkQWPGSXy
Kishidancho2;RT @djchrisallen: Sock puppets are more well-spoken than the current administration. Says a lot. üòÇ #Election2020 #ChooseDemocracy
DaveChe04190672;RT @SenTedCruz: .@realDonaldTrump broke the Mainstream Media. The American people will determine the results of the election. #Election2020‚Ä¶
Hotrod4772;Such a super sweet win for ‚Å¶@JoeBiden to take Georgia‚Å© !!! Our President-elect makes me so proud! #Election2020‚Ä¶ https://t.co/Q4xbIDfei0
Kishidancho2;"RT @SenTedCruz: The Mainstream Media‚Äôs demands that Trump concede &amp; ignore the legal process is utterly inconsistent with the Constitution.‚Ä¶"
VanJones68;RT @AP_Politics: BREAKING: Donald Trump wins North Carolina. #APracecall at 3:48 p.m. EST. #Election2020 https://t.co/lGfinjTqT4
AnneSuzel911;"RT @SenTedCruz: The Mainstream Media‚Äôs demands that Trump concede &amp; ignore the legal process is utterly inconsistent with the Constitution.‚Ä¶"
gemdb1;RT @Reuters: Election security officials have no evidence that ballots were deleted or lost by voting systems in this month‚Äôs #Election2020‚Ä¶
mil2sell;"RT @SenTedCruz: The Mainstream Media‚Äôs demands that Trump concede &amp; ignore the legal process is utterly inconsistent with the Constitution.‚Ä¶"
NakariStorm;"RT @SenTedCruz: The Mainstream Media‚Äôs demands that Trump concede &amp; ignore the legal process is utterly inconsistent with the Constitution.‚Ä¶"
Spdbmp93;"RT @dominionvoting: We are committed to upholding the accuracy &amp; security of U.S. elections. Read why top election security officials overs‚Ä¶"
romekreza;RT @OurRevolution: Congratulations to @Eric4LakeCounty for being elected as Lake County
MB9v10proverbs;RT @BBCWorld: Donald Trump makes reference to #Election2020 result while speaking publicly for first time since Joe Biden's projected win‚Ä¶
yramsalkin;"RT @SenTedCruz: The Mainstream Media‚Äôs demands that Trump concede &amp; ignore the legal process is utterly inconsistent with the Constitution.‚Ä¶"
MelBel_36;"RT @CCLSVN: #ClimateFriday Reading:  ""It is well established that high-carbon interests such as large oil firms exert excess influence over‚Ä¶"
dakp2017;RT @Michael03272961: #ICYMI: Top Election Chief of #Milwaukee
ae4ca;"RT @SenTedCruz: The Mainstream Media‚Äôs demands that Trump concede &amp; ignore the legal process is utterly inconsistent with the Constitution.‚Ä¶"
racheal_steven;This is the absolute best ü§£ @JoeBiden @BarackObama #Election2020 #BidenHarris2020 https://t.co/O2jQApf3N5
sorrowen;"RT @SenTedCruz: The Mainstream Media‚Äôs demands that Trump concede &amp; ignore the legal process is utterly inconsistent with the Constitution.‚Ä¶"
charleecapewell;RT @BarkyMalarkey1: Yeah...
HeathFerris;The 2020 election ‚Äòwas the most secure in American history
DaveChe04190672;"RT @SenTedCruz: The Mainstream Media‚Äôs demands that Trump concede &amp; ignore the legal process is utterly inconsistent with the Constitution.‚Ä¶"
toracha7;"RT @SenTedCruz: The Mainstream Media‚Äôs demands that Trump concede &amp; ignore the legal process is utterly inconsistent with the Constitution.‚Ä¶"
thedager7;The ultimate conspiracy... millions of citizens rejecting a buffoon #Election2020 #DecencyWins  https://t.co/SKyCl0UL6U
All_4_Free_Iran;RT @solidreturns: #Elections2020¬†¬†¬†¬†¬†¬†¬†¬†¬†¬†¬†¬†¬†¬†¬† #Election2020¬†¬†¬†¬†¬†¬†¬†¬†¬†¬†¬†¬†¬†¬†  @realDonaldTrump #Trump #ElectionNight¬†¬† #Election2020results‚Ä¶
AleceaMaria;@KellyannePolls I couldn‚Äôt agree with your more
Brandon38767560;RT @BryanRAnderson: #BREAKING: President Donald Trump wins North Carolina
thinkblackink;RT @SCVIndy: @ProjectLincoln In US #democracy #vote determine who‚Äôs elected not sitting president whims/beliefs
SalomnM;RT @Rizzuti09: Mood all day long. WE DID IT. WE BEAT A SITTING PRESIDENT. OMG  #306 #Election2020 #ElectionResults2020 #JoeBiden #46 #Presi‚Ä¶
ann79777158;RT @SenTedCruz: .@realDonaldTrump broke the Mainstream Media. The American people will determine the results of the election. #Election2020‚Ä¶
ChrtienBibliqu1;RT @SenTedCruz: .@realDonaldTrump broke the Mainstream Media. The American people will determine the results of the election. #Election2020‚Ä¶
Cerena27;"RT @SenTedCruz: The Mainstream Media‚Äôs demands that Trump concede &amp; ignore the legal process is utterly inconsistent with the Constitution.‚Ä¶"
AnnaApp91838450;RT @Sentinel2NO: The total #RippleEffect #Election2020 #StopTheSteaI #GlobalUprise #YouHaveBeenPlayed
giadro;RT @Reuters: Election security officials have no evidence that ballots were deleted or lost by voting systems in this month‚Äôs #Election2020‚Ä¶
kuwon1124;@SymoneDSanders 
FrankFromDaBoot;"RT @SenTedCruz: The Mainstream Media‚Äôs demands that Trump concede &amp; ignore the legal process is utterly inconsistent with the Constitution.‚Ä¶"
lmirone777;#Elections2020¬†¬†¬†¬†¬†¬†¬†¬†¬†¬†¬†¬†¬†¬†¬† #Election2020¬†¬†¬†¬†¬†¬†¬†¬†¬†¬†¬†¬†¬†¬†  @realDonaldTrump #Trump #ElectionNight¬†¬†‚Ä¶ https://t.co/rg9fq1lrZS
DK31444461;"RT @SenTedCruz: The Mainstream Media‚Äôs demands that Trump concede &amp; ignore the legal process is utterly inconsistent with the Constitution.‚Ä¶"
bbsquirt24;RT @NickBryantNY: Every state has now been called - a clear-cut Electoral College win for President-elect Joe Biden. 306-232. Biden got he‚Ä¶
34NenaSM;"RT @jseldin: JUST IN: US election officials -from @CISAgov &amp; from the states- doubling down on the security of #Election2020 "
d_iniguez;I‚Äôm glad someone has it right
HarlinSmith1;"RT @jseldin: UPDATE: @POTUS reacting to statement from @CISAgov along w/state &amp; industry partners that #Election2020 ""was the most secure i‚Ä¶"
dwatchnews;RT @ABC7: #BREAKING Biden wins Georgia
PuddinPop12345;RT @AP_Politics: BREAKING: Donald Trump wins North Carolina. #APracecall at 3:48 p.m. EST. #Election2020 https://t.co/lGfinjTqT4
traceyclark72;"RT @jseldin: JUST IN: @POTUS @realDonaldTrump praising/encouraging supporters &amp; their ""organic Rallies that are springing up all over the C‚Ä¶"
chickilopiccolo;RT @Cathygraphics1: Goodbye 
TPMikeJ;RT @MagaMarchDC: 1 DAY UNTIL THE BIGGEST TRUMP RALLY IN HISTORY
lilgirldutch;RT @SenTedCruz: .@realDonaldTrump broke the Mainstream Media. The American people will determine the results of the election. #Election2020‚Ä¶
MDomostoy;#JimCarrey #Election2020 #Elections2020 Jim Carrey you big #looser
mazie_jane;RT @SenTedCruz: .@realDonaldTrump broke the Mainstream Media. The American people will determine the results of the election. #Election2020‚Ä¶
slpenelope;RT @SenTedCruz: .@realDonaldTrump broke the Mainstream Media. The American people will determine the results of the election. #Election2020‚Ä¶
jude_1983;RT @MagaMarchDC: 1 DAY UNTIL THE BIGGEST TRUMP RALLY IN HISTORY
_villa12_;RT @donnasfineart: #FridayVibes 
peartreemomma;Update- Following today‚Äôs release from Salt Lake County @BurgessOwens builds on his lead over @RepBenMcAdams in the‚Ä¶ https://t.co/WZKxeQJNsn
AlanBayer2;RT @BBCWorld: Ten days after #Election2020
losemarrp;RT @SenTedCruz: .@realDonaldTrump broke the Mainstream Media. The American people will determine the results of the election. #Election2020‚Ä¶
NotSure_MMXXIV;RT @BBCWorld: Ten days after #Election2020
sgb_63f;RT @SenTedCruz: .@realDonaldTrump broke the Mainstream Media. The American people will determine the results of the election. #Election2020‚Ä¶
jam63serenity;RT @SenTedCruz: .@realDonaldTrump broke the Mainstream Media. The American people will determine the results of the election. #Election2020‚Ä¶
HottiiNanako;RT @SenTedCruz: .@realDonaldTrump broke the Mainstream Media. The American people will determine the results of the election. #Election2020‚Ä¶
libertytrader17;RT @SenTedCruz: .@realDonaldTrump broke the Mainstream Media. The American people will determine the results of the election. #Election2020‚Ä¶
Heathermiz1634;RT @djchrisallen: Sock puppets are more well-spoken than the current administration. Says a lot. üòÇ #Election2020 #ChooseDemocracy https://t‚Ä¶
PinkBelgium;@DavidShafer @DonaldJTrumpJr #ELECTION2020 
ProudMadreof3;RT @Lombardocbrn: The media does not call the election. This race is far from over.
War_Vikings;RT @SenTedCruz: .@realDonaldTrump broke the Mainstream Media. The American people will determine the results of the election. #Election2020‚Ä¶
adorbdeplorb;"RT @SenTedCruz: The Mainstream Media‚Äôs demands that Trump concede &amp; ignore the legal process is utterly inconsistent with the Constitution.‚Ä¶"
TenouAlex;#eigenbros #election2020 #bidenharris2020 #biden2020 #presidentialelection #Election2020results #Election2020‚Ä¶ https://t.co/5HYnxCEGM3
JenniferStraay2;RT @SenTedCruz: .@realDonaldTrump broke the Mainstream Media. The American people will determine the results of the election. #Election2020‚Ä¶
ann79777158;RT @SenTedCruz: .@realDonaldTrump broke the Mainstream Media. The American people will determine the results of the election. #Election2020‚Ä¶
OzForLiberty;RT @NickSurgey: *NEW* Republican state attorneys general are helping @realDonaldTrump legal efforts to undermine the election
KJaymes3;"RT @WMattEvans: Personal &amp; pastoral thoughts on #Election2020 to @rockbridgecc -- https://t.co/gDnJQX0Ipw"
emctsprime;RT @Al_Drago: Attendees dance in a conga line
tinaw720;RT @SenTedCruz: .@realDonaldTrump broke the Mainstream Media. The American people will determine the results of the election. #Election2020‚Ä¶
marcodif;"RT @SenTedCruz: The Mainstream Media‚Äôs demands that Trump concede &amp; ignore the legal process is utterly inconsistent with the Constitution.‚Ä¶"
riddlesworld;RT @SCVIndy: @Horgans_Heroes @FeelsResearch @obfusgato @luv_freedom2A @grgoyldef2 @Alec_Mazo @Cernovich @briantylercohen @JoeBiden In US #d‚Ä¶
_Nibelungenlied;RT @SenTedCruz: .@realDonaldTrump broke the Mainstream Media. The American people will determine the results of the election. #Election2020‚Ä¶
loretta21934308;RT @Reuters: As President Donald Trump seeks to discredit #Election2020 with baseless claims of voter fraud
tinaw720;@benhovland about the election process #Election2020 #AmericaDecides2020  #ConspiracyTheories #BidenHarris2020‚Ä¶ https://t.co/qQ9kUqF4kQ
KiritoKirto;RT @SenTedCruz: .@realDonaldTrump broke the Mainstream Media. The American people will determine the results of the election. #Election2020‚Ä¶
fogjin79;RT @jmsteele2017: I am posting pictures of two messages that were sent to me. One came from an Australian teacher
JohnnyCadilla19;RT @trish_regan: Breaking: 
tinaw720;RT @Rizzuti09: Mood all day long. WE DID IT. WE BEAT A SITTING PRESIDENT. OMG  #306 #Election2020 #ElectionResults2020 #JoeBiden #46 #Presi‚Ä¶
MikeABot;RT @ACLEDINFO: At least 75 demonstration events associated with the #StopTheSteaI movement ‚Äî which promotes unfounded allegations of mass v‚Ä¶
AlwaystrumpOrg;RT @SenTedCruz: .@realDonaldTrump broke the Mainstream Media. The American people will determine the results of the election. #Election2020‚Ä¶
Jakob_Glogauer;FEC Chairman Says He Believes 'There Is Voter Fraud' In Key States: Trey Trainor said reports of fraud in some batt‚Ä¶ https://t.co/2W8YlpzkfW
sunmoss21;RT @SenTedCruz: .@realDonaldTrump broke the Mainstream Media. The American people will determine the results of the election. #Election2020‚Ä¶
EndTime_Eagle;RT @Sentinel2NO: The total #RippleEffect #Election2020 #StopTheSteaI #GlobalUprise #YouHaveBeenPlayed
porsche5251;Congrats to President-elect Biden for winning 306 electoral votes
mihai_mitrofan;RT @SenTedCruz: .@realDonaldTrump broke the Mainstream Media. The American people will determine the results of the election. #Election2020‚Ä¶
honya2honya2;RT @SenTedCruz: The American people expect accurate election results. We need to follow the law and allow the legal process to play out. #E‚Ä¶
lsprelude;RT @aubrey_huff: This is my serious prediction! Biggest shocker is California flipping red! #Election2020 https://t.co/VaUitEGNDz
iamdespicable1;We are all behind you. We need strong women like you in politics. #womeninpolitics #Election2020 | Nov 13
snowhit89628992;The final projected results. Biden is way ahead with 306 electoral votes. The exact no what Trump got in 2016.‚Ä¶ https://t.co/rtIhGTxYeD
Pepe_Farms;RT @BryanRAnderson: #BREAKING: President Donald Trump wins North Carolina
AliciaMejia09;RT @SenTedCruz: .@realDonaldTrump broke the Mainstream Media. The American people will determine the results of the election. #Election2020‚Ä¶
Leo_at12;RT @SenTedCruz: The American people expect accurate election results. We need to follow the law and allow the legal process to play out. #E‚Ä¶
ACLEDINFO;RT @alexcoheninla: A lot happened during #election2020 that has huge impacts for SoCal. Thrilled to break it down with ‚Å¶@thelapod‚Å© hosts ‚Å¶@‚Ä¶
MommyHooky;RT @BBCWorld: Ten days after #Election2020
SoGal1986;"RT @SenTedCruz: The Mainstream Media‚Äôs demands that Trump concede &amp; ignore the legal process is utterly inconsistent with the Constitution.‚Ä¶"
jagsully;"RT @SenTedCruz: TUNE IN NOW üéôÔ∏èTalking with @michaeljknowles on The Rush Limbaugh Show about #Election2020 &amp; what the next steps of the lega‚Ä¶"
BettyGe21345084;RT @BBCWorld: Ten days after #Election2020
TPMikeJ;RT @zenxv: Arizona keep finding those votes - great work by @SecretaryHobbs to ensure that every vote is counted this #Election2020.  
GODisloveALM;RT @BBCWorld: Ten days after #Election2020
ace2blue;RT @AP_Politics: BREAKING: Donald Trump wins North Carolina. #APracecall at 3:48 p.m. EST. #Election2020 https://t.co/lGfinjTqT4
Stefani94460352;RT @SenTedCruz: .@realDonaldTrump broke the Mainstream Media. The American people will determine the results of the election. #Election2020‚Ä¶
DavidDykstra11;"RT @SenTedCruz: The Mainstream Media‚Äôs demands that Trump concede &amp; ignore the legal process is utterly inconsistent with the Constitution.‚Ä¶"
ELNOTICIEROVISU;RT @SenTedCruz: .@realDonaldTrump broke the Mainstream Media. The American people will determine the results of the election. #Election2020‚Ä¶
BuzWeaver;RT @BillHagertyTN: We will not give up on the integrity of the #Election2020. We must continue to ensure that every legally cast vote is co‚Ä¶
wolvesofamerica;RT @SenTedCruz: .@realDonaldTrump broke the Mainstream Media. The American people will determine the results of the election. #Election2020‚Ä¶
PaulPestreiff;RT @SenTedCruz: This election will be decided when every legally cast ballot is counted. #Election2020 https://t.co/rsiWfgaROE
djchrisallen;"RT @SenTedCruz: The Mainstream Media‚Äôs demands that Trump concede &amp; ignore the legal process is utterly inconsistent with the Constitution.‚Ä¶"
FenrirWolf26;RT @BryanRAnderson: #BREAKING: President Donald Trump wins North Carolina
rxmax6;"This is from Trump's own Department of Homeland Security regarding the security &amp; integrity of the 2020 US election‚Ä¶ https://t.co/WZOTVvXPpv"
Digital_Obsrvr;RT @SenTedCruz: .@realDonaldTrump broke the Mainstream Media. The American people will determine the results of the election. #Election2020‚Ä¶
setarehmihan;RT @SenTedCruz: .@realDonaldTrump broke the Mainstream Media. The American people will determine the results of the election. #Election2020‚Ä¶
ProssElizabeth;RT @SenTedCruz: This election will be decided when every legally cast ballot is counted. #Election2020 https://t.co/rsiWfgaROE
ARCHPRIESTCAT;"RT @SenTedCruz: The Mainstream Media‚Äôs demands that Trump concede &amp; ignore the legal process is utterly inconsistent with the Constitution.‚Ä¶"
Randitperry;RT @munawar_baloch9: @realDonaldTrump This is how
TankesmedjanX7;RT @MagaMarchDC: 1 DAY UNTIL THE BIGGEST TRUMP RALLY IN HISTORY
thedoveness;RT @SenTedCruz: .@realDonaldTrump broke the Mainstream Media. The American people will determine the results of the election. #Election2020‚Ä¶
DavidGe11188955;RT @SenTedCruz: .@realDonaldTrump broke the Mainstream Media. The American people will determine the results of the election. #Election2020‚Ä¶
GotCoolTweets;"I do find it funny that people keep using the term ""landslide"". What's landslide about it? If I'm not mistake"
ejsuntan;RT @BBCWorld: Ten days after #Election2020
TFARhodeIsland;RT @SenTedCruz: .@realDonaldTrump broke the Mainstream Media. The American people will determine the results of the election. #Election2020‚Ä¶
AZGOP;RT @djchrisallen: Sock puppets are more well-spoken than the current administration. Says a lot. üòÇ #Election2020 #ChooseDemocracy
connielnash;RT @SenTedCruz: .@realDonaldTrump broke the Mainstream Media. The American people will determine the results of the election. #Election2020‚Ä¶
SirSethOfficia1;RT @SenTedCruz: .@realDonaldTrump broke the Mainstream Media. The American people will determine the results of the election. #Election2020‚Ä¶
miegong6;RT @Michael03272961: #ICYMI: Top Election Chief of #Milwaukee
peterbeta69;RT @AP_Politics: BREAKING: Donald Trump wins North Carolina. #APracecall at 3:48 p.m. EST. #Election2020 https://t.co/lGfinjTqT4
iamdespicable1;RT @SenTedCruz: .@realDonaldTrump broke the Mainstream Media. The American people will determine the results of the election. #Election2020‚Ä¶
OldHippieDude1;No official sources have called the election. Media sources are not official.  #Election2020
leofire13;"@realDonaldTrump is securing his legacy right now. When he &amp; his supporters are long gone"
ringfreedom;RT @SenTedCruz: .@realDonaldTrump broke the Mainstream Media. The American people will determine the results of the election. #Election2020‚Ä¶
WhereLibertyD;RT @SenTedCruz: .@realDonaldTrump broke the Mainstream Media. The American people will determine the results of the election. #Election2020‚Ä¶
leofire13;"RT @SenTedCruz: The Mainstream Media‚Äôs demands that Trump concede &amp; ignore the legal process is utterly inconsistent with the Constitution.‚Ä¶"
Flkrew;RT @BeingLGBTQPod: This is a thing of beauty üëá
USAforPatriots;RT @SenTedCruz: .@realDonaldTrump broke the Mainstream Media. The American people will determine the results of the election. #Election2020‚Ä¶
HAEScoach;RT @SenTedCruz: .@realDonaldTrump broke the Mainstream Media. The American people will determine the results of the election. #Election2020‚Ä¶
dave_paolucci;RT @jayoung1892: @JoeBiden wins #Georgia The first Democrst to do so since @BillClinton in 1996! He is also the first Democrat to win #Ariz‚Ä¶
jeffreyswills;RT @SenTedCruz: .@realDonaldTrump broke the Mainstream Media. The American people will determine the results of the election. #Election2020‚Ä¶
JeffCavallaro;This is extremely rude. You can disagree without going into ad hominem attacks on someone. Alas it seems‚Ä¶ https://t.co/gMg4CXUWAu
CharlesRannach1;RT @SenTedCruz: .@realDonaldTrump broke the Mainstream Media. The American people will determine the results of the election. #Election2020‚Ä¶
Pavoooo;F**k them! Soon
blueeyed_nurse;RT @RightWingWatch: Life comes at you hard. By @zidansports #Election2020 https://t.co/IXqE6dgj7Y
_HierKommtAlex;"RT @SenTedCruz: The Mainstream Media‚Äôs demands that Trump concede &amp; ignore the legal process is utterly inconsistent with the Constitution.‚Ä¶"
KimBarn1968;RT @AP_Politics: BREAKING: Donald Trump wins North Carolina. #APracecall at 3:48 p.m. EST. #Election2020 https://t.co/lGfinjTqT4
pandafreakAk;Nice side benefit of the loss in the #Election2020
denizenvoice;Lol Are you serious these are the same people that have been reporting fake news #Election2020
fernando_herreh;RT @SenTedCruz: .@realDonaldTrump broke the Mainstream Media. The American people will determine the results of the election. #Election2020‚Ä¶
CITRIPIO4;RT @SenTedCruz: .@realDonaldTrump broke the Mainstream Media. The American people will determine the results of the election. #Election2020‚Ä¶
DT121516;"RT @SenTedCruz: The Mainstream Media‚Äôs demands that Trump concede &amp; ignore the legal process is utterly inconsistent with the Constitution.‚Ä¶"
mlakl8;RT @kathleenmadigan: Mic drop. #Election2020 https://t.co/7ufVYX0F9C
smap0909;RT @SenTedCruz: .@realDonaldTrump broke the Mainstream Media. The American people will determine the results of the election. #Election2020‚Ä¶
AxelBella1;RT @SenTedCruz: This election will be decided when every legally cast ballot is counted. #Election2020 https://t.co/rsiWfgaROE
junesfox34;RT @SenTedCruz: .@realDonaldTrump broke the Mainstream Media. The American people will determine the results of the election. #Election2020‚Ä¶
SteveSm07749240;RT @SenTedCruz: .@realDonaldTrump broke the Mainstream Media. The American people will determine the results of the election. #Election2020‚Ä¶
apachemick;RT @SenTedCruz: .@realDonaldTrump broke the Mainstream Media. The American people will determine the results of the election. #Election2020‚Ä¶
BrusHalter;Who said that #Trump #University is a fraud? | #Election2020 https://t.co/OlvZu4eleo
208Juliet;RT @AP_Politics: BREAKING: Donald Trump wins North Carolina. #APracecall at 3:48 p.m. EST. #Election2020 https://t.co/lGfinjTqT4
